,Unnamed: 0,filename,gender,race,adult,expression,valence,arousal
0,0,buaa-55_24.bmp,male,mongo,yes,0.0,-0.22,0.1
1,1,buaa-100_22.bmp,male,mongo,yes,1.0,0.49,0.42
2,2,buaa-59_28.bmp,male,mongo,yes,3.0,-0.1,0.9
3,3,buaa-104_26.bmp,male,mongo,yes,0.0,0.22,-0.56
4,4,buaa-11_22.bmp,male,mongo,yes,1.0,0.78,0.35
5,5,buaa-74_22.bmp,male,mongo,yes,1.0,0.88,0.08
6,6,buaa-58_22.bmp,male,mongo,yes,1.0,0.63,0.35
7,7,buaa-136_22.bmp,male,mongo,yes,1.0,0.83,0.13
8,8,buaa-140_24.bmp,male,mongo,yes,2.0,-0.74,-0.21
9,9,buaa-27_22.bmp,male,mongo,yes,1.0,0.9,0.13
10,10,buaa-81_22.bmp,male,mongo,yes,1.0,0.65,0.3
11,11,buaa-78_22.bmp,male,mongo,yes,1.0,1.0,0.16
12,12,buaa-25_22.bmp,male,mongo,yes,1.0,0.85,0.1
13,13,buaa-87_28.bmp,male,mongo,yes,3.0,0.37,0.85
14,14,buaa-100_28.bmp,male,mongo,yes,3.0,0.6,0.31
15,15,buaa-138_26.bmp,male,mongo,yes,2.0,-0.5,-0.18
16,16,buaa-64_28.bmp,male,mongo,yes,4.0,-0.07,0.87
17,17,buaa-13_28.bmp,male,mongo,yes,4.0,-0.13,0.88
18,18,buaa-101_24.bmp,male,mongo,yes,0.0,-0.21,0.06
19,19,buaa-141_22.bmp,male,mongo,yes,1.0,0.47,0.31
20,20,buaa-41_22.bmp,male,mongo,yes,1.0,0.87,0.07
21,21,buaa-16_26.bmp,male,mongo,yes,0.0,0.16,0.23
22,22,buaa-95_22.bmp,male,mongo,yes,1.0,0.78,0.29
23,23,buaa-58_26.bmp,male,mongo,yes,0.0,0.09,-0.63
24,24,buaa-101_22.bmp,male,mongo,yes,1.0,0.21,0.62
25,25,buaa-39_22.bmp,male,mongo,yes,1.0,0.9,-0.06
26,26,buaa-40_24.bmp,male,mongo,yes,2.0,-0.21,-0.21
27,27,buaa-84_28.bmp,male,mongo,yes,3.0,0.09,0.76
28,28,buaa-111_22.bmp,male,mongo,yes,1.0,0.63,0.15
29,29,buaa-29_28.bmp,male,mongo,yes,3.0,0.08,0.91
30,30,buaa-46_22.bmp,male,mongo,yes,1.0,0.39,0.15
31,31,buaa-122_28.bmp,male,mongo,yes,4.0,-0.03,0.92
32,32,buaa-37_26.bmp,male,mongo,yes,7.0,-0.73,0.59
33,33,buaa-16_28.bmp,male,mongo,yes,3.0,0.26,0.88
34,34,buaa-129_28.bmp,male,mongo,yes,3.0,0.12,0.92
35,35,buaa-146_26.bmp,male,mongo,yes,2.0,-0.86,-0.04
36,36,buaa-45_22.bmp,male,mongo,yes,1.0,0.97,0.09
37,37,buaa-63_24.bmp,male,mongo,yes,6.0,-0.32,0.81
38,38,buaa-121_22.bmp,male,mongo,yes,1.0,0.62,0.36
39,39,buaa-134_28.bmp,male,mongo,yes,4.0,-0.13,0.92
40,40,buaa-46_26.bmp,male,mongo,yes,2.0,-0.49,-0.12
41,41,buaa-149_22.bmp,male,mongo,yes,1.0,0.78,0.35
42,42,buaa-48_26.bmp,male,mongo,yes,5.0,-0.62,0.44
43,43,buaa-35_28.bmp,male,mongo,yes,1.0,0.49,0.04
44,44,buaa-6_28.bmp,male,mongo,yes,3.0,0.05,0.76
45,45,buaa-142_26.bmp,male,mongo,yes,2.0,-0.9,-0.07
46,46,24.bmp,male,mongo,yes,0.0,0.22,0.5
47,47,buaa-4_24.bmp,male,mongo,yes,1.0,0.26,-0.2
48,48,buaa-78_28.bmp,male,mongo,yes,4.0,-0.17,0.76
49,49,buaa-18_26.bmp,male,mongo,yes,7.0,0.18,0.6
50,50,buaa-61_26.bmp,male,mongo,yes,6.0,-0.25,0.37
51,51,buaa-149_24.bmp,male,mongo,yes,2.0,-0.47,-0.39
52,52,buaa-53_26.bmp,male,mongo,yes,5.0,-0.69,0.46
53,53,buaa-91_24.bmp,male,mongo,yes,2.0,-0.21,-0.12
54,54,buaa-86_22.bmp,male,mongo,yes,1.0,0.93,0.1
55,55,buaa-72_24.bmp,male,mongo,yes,2.0,-0.66,-0.51
56,56,buaa-119_26.bmp,male,mongo,yes,2.0,-0.63,-0.13
57,57,buaa-26_28.bmp,male,mongo,yes,4.0,-0.02,0.83
58,58,buaa-98_28.bmp,male,mongo,yes,3.0,0.25,0.89
59,59,buaa-123_28.bmp,male,mongo,yes,4.0,-0.76,0.06
60,60,buaa-80_24.bmp,male,mongo,yes,5.0,-0.62,0.57
61,61,buaa-99_26.bmp,male,mongo,yes,7.0,0.12,0.69
62,62,buaa-43_26.bmp,male,mongo,yes,4.0,-0.11,0.8
63,63,buaa-15_28.bmp,male,mongo,yes,0.0,-0.32,-0.05
64,64,buaa-143_28.bmp,male,mongo,yes,3.0,0.44,0.84
65,65,buaa-72_22.bmp,male,mongo,yes,1.0,0.54,0.18
66,66,buaa-116_24.bmp,male,mongo,yes,4.0,-0.1,0.91
67,67,buaa-34_24.bmp,male,mongo,yes,1.0,0.74,-0.31
68,68,buaa-107_22.bmp,male,mongo,yes,1.0,0.98,0.09
69,69,buaa-127_28.bmp,male,mongo,yes,3.0,0.32,0.86
70,70,buaa-51_28.bmp,male,mongo,yes,1.0,0.93,0.12
71,71,buaa-19_28.bmp,male,mongo,yes,4.0,-0.16,0.76
72,72,buaa-50_26.bmp,male,mongo,yes,2.0,-0.29,-0.3
73,73,buaa-139_26.bmp,male,mongo,yes,1.0,0.76,-0.07
74,74,buaa-10_28.bmp,male,mongo,yes,4.0,-0.13,0.79
75,75,buaa-63_22.bmp,male,mongo,yes,1.0,0.82,-0.09
76,76,buaa-85_28.bmp,male,mongo,yes,4.0,-0.15,0.86
77,77,buaa-146_22.bmp,male,mongo,yes,1.0,0.55,0.18
78,78,buaa-149_26.bmp,male,mongo,yes,0.0,0.19,-0.52
79,79,buaa-56_22.bmp,male,mongo,yes,1.0,0.8,0.17
80,80,buaa-30_24.bmp,male,mongo,yes,2.0,-0.86,-0.24
81,81,buaa-60_24.bmp,male,mongo,yes,4.0,-0.07,0.77
82,82,buaa-132_28.bmp,male,mongo,yes,4.0,-0.16,0.8
83,83,buaa-15_24.bmp,male,mongo,yes,0.0,-0.16,-0.15
84,84,buaa-30_22.bmp,male,mongo,yes,1.0,0.9,0.1
85,85,buaa-119_22.bmp,male,mongo,yes,1.0,0.8,0.37
86,86,buaa-54_26.bmp,male,mongo,yes,2.0,-0.18,-0.88
87,87,buaa-135_24.bmp,male,mongo,yes,2.0,-0.28,-0.3
88,88,buaa-140_28.bmp,male,mongo,yes,3.0,0.07,0.88
89,89,buaa-73_24.bmp,male,mongo,yes,1.0,0.66,0.03
90,90,buaa-34_26.bmp,male,mongo,yes,1.0,0.51,-0.53
91,91,buaa-112_22.bmp,male,mongo,yes,1.0,0.44,0.2
92,92,buaa-62_26.bmp,male,mongo,yes,7.0,-0.6,0.63
93,93,buaa-69_22.bmp,male,mongo,yes,1.0,0.69,0.13
94,94,buaa-134_24.bmp,male,mongo,yes,2.0,-0.8,-0.07
95,95,buaa-36_22.bmp,male,mongo,yes,1.0,0.89,0.21
96,96,buaa-40_28.bmp,male,mongo,yes,3.0,-0.43,-0.15
97,97,buaa-14_28.bmp,male,mongo,yes,3.0,0.21,0.91
98,98,buaa-77_26.bmp,male,mongo,yes,2.0,-0.14,-0.34
99,99,buaa-36_28.bmp,male,mongo,yes,4.0,-0.08,0.88
100,100,buaa-22_28.bmp,male,mongo,yes,2.0,-0.11,-0.33
101,101,buaa-116_22.bmp,male,mongo,yes,1.0,0.55,0.18
102,102,buaa-20_24.bmp,male,mongo,yes,2.0,-0.25,-0.34
103,103,buaa-99_28.bmp,male,mongo,yes,4.0,-0.2,0.8
104,104,buaa-130_28.bmp,male,mongo,yes,3.0,-0.41,-0.22
105,105,buaa-42_26.bmp,male,mongo,yes,0.0,0.0,-0.91
106,106,buaa-103_22.bmp,male,mongo,yes,1.0,0.84,0.38
107,107,buaa-38_24.bmp,male,mongo,yes,2.0,-0.71,-0.42
108,108,buaa-141_26.bmp,male,mongo,yes,6.0,-0.39,0.76
109,109,buaa-137_28.bmp,male,mongo,yes,4.0,-0.11,0.74
110,110,buaa-41_24.bmp,male,mongo,yes,4.0,-0.09,0.81
111,111,buaa-138_22.bmp,male,mongo,yes,1.0,0.86,0.3
112,112,buaa-44_22.bmp,male,mongo,yes,1.0,0.53,0.17
113,113,buaa-81_28.bmp,male,mongo,yes,1.0,0.61,0.36
114,114,buaa-108_24.bmp,male,mongo,yes,1.0,0.83,-0.06
115,115,buaa-25_28.bmp,male,mongo,yes,0.0,-0.05,-0.09
116,116,buaa-127_22.bmp,male,mongo,yes,1.0,0.52,0.17
117,117,buaa-132_22.bmp,male,mongo,yes,6.0,-0.42,0.75
118,118,buaa-144_22.bmp,male,mongo,yes,1.0,0.44,0.14
119,119,buaa-45_26.bmp,male,mongo,yes,2.0,-0.74,-0.46
120,120,buaa-76_26.bmp,male,mongo,yes,2.0,-0.43,-0.52
121,121,buaa-2_26.bmp,male,mongo,yes,3.0,-0.43,-0.25
122,122,buaa-115_24.bmp,male,mongo,yes,7.0,-0.59,0.63
123,123,buaa-131_26.bmp,male,mongo,yes,2.0,-0.49,-0.74
124,124,buaa-77_24.bmp,male,mongo,yes,6.0,-0.32,0.75
125,125,buaa-45_28.bmp,male,mongo,yes,3.0,0.34,0.76
126,126,buaa-109_28.bmp,male,mongo,yes,3.0,0.32,0.87
127,127,buaa-110_26.bmp,male,mongo,yes,2.0,-0.63,-0.17
128,128,buaa-130_24.bmp,male,mongo,yes,2.0,-0.19,-0.3
129,129,buaa-19_24.bmp,male,mongo,yes,6.0,-0.42,0.74
130,130,buaa-55_26.bmp,male,mongo,yes,0.0,-0.14,-0.19
131,131,buaa-119_28.bmp,male,mongo,yes,1.0,0.57,0.37
132,132,buaa-110_22.bmp,male,mongo,yes,1.0,0.92,0.1
133,133,buaa-147_28.bmp,male,mongo,yes,4.0,-0.11,0.78
134,134,buaa-96_24.bmp,male,mongo,yes,0.0,0.0,0.0
135,135,buaa-96_22.bmp,male,mongo,yes,1.0,0.89,0.12
136,136,buaa-107_28.bmp,male,mongo,yes,3.0,0.32,0.79
137,137,buaa-116_28.bmp,male,mongo,yes,3.0,0.11,0.92
138,138,buaa-107_26.bmp,male,mongo,yes,2.0,-0.14,-0.04
139,139,buaa-13_22.bmp,male,mongo,yes,1.0,0.69,-0.05
140,140,buaa-36_26.bmp,male,mongo,yes,2.0,-0.56,-0.1
141,141,buaa-148_22.bmp,male,mongo,yes,1.0,0.89,0.35
142,142,buaa-32_28.bmp,male,mongo,yes,4.0,-0.9,0.05
143,143,buaa-61_24.bmp,male,mongo,yes,6.0,-0.36,0.25
144,144,buaa-111_24.bmp,male,mongo,yes,6.0,-0.83,0.25
145,145,buaa-64_22.bmp,male,mongo,yes,1.0,0.09,0.01
146,146,buaa-2_28.bmp,male,mongo,yes,4.0,-0.14,0.77
147,147,buaa-11_28.bmp,male,mongo,yes,1.0,0.77,-0.59
148,148,buaa-5_28.bmp,male,mongo,yes,1.0,0.94,-0.1
149,149,buaa-48_22.bmp,male,mongo,yes,1.0,0.94,0.17
150,150,buaa-82_24.bmp,male,mongo,yes,2.0,-0.6,-0.16
151,151,buaa-142_24.bmp,male,mongo,yes,6.0,-0.28,0.46
152,152,buaa-56_28.bmp,male,mongo,yes,1.0,0.52,0.35
153,153,buaa-53_24.bmp,male,mongo,yes,6.0,-0.83,0.25
154,154,buaa-137_22.bmp,male,mongo,yes,1.0,0.55,0.2
155,155,buaa-17_26.bmp,male,mongo,yes,2.0,-0.57,-0.08
156,156,buaa-34_28.bmp,male,mongo,yes,1.0,0.69,0.14
157,157,buaa-2_22.bmp,male,mongo,yes,1.0,0.73,0.15
158,158,buaa-115_22.bmp,male,mongo,yes,1.0,0.74,0.15
159,159,buaa-106_28.bmp,male,mongo,yes,4.0,-0.12,0.77
160,160,buaa-17_22.bmp,male,mongo,yes,1.0,0.94,0.17
161,161,buaa-24_24.bmp,male,mongo,yes,1.0,0.34,0.08
162,162,buaa-12_24.bmp,male,mongo,yes,0.0,0.04,-0.59
163,163,buaa-4_28.bmp,male,mongo,yes,6.0,-0.33,0.26
164,164,buaa-51_22.bmp,male,mongo,yes,1.0,0.53,0.18
165,165,buaa-62_24.bmp,male,mongo,yes,4.0,-0.09,0.9
166,166,buaa-20_22.bmp,male,mongo,yes,1.0,0.84,0.35
167,167,buaa-1_26.bmp,male,mongo,yes,2.0,-0.81,-0.45
168,168,buaa-115_28.bmp,male,mongo,yes,1.0,0.41,-0.07
169,169,buaa-106_26.bmp,male,mongo,yes,6.0,-0.56,0.73
170,170,buaa-93_28.bmp,male,mongo,yes,3.0,-0.1,0.9
171,171,buaa-15_22.bmp,male,mongo,yes,1.0,0.64,0.16
172,172,buaa-143_26.bmp,male,mongo,yes,5.0,-0.7,0.48
173,173,buaa-109_22.bmp,male,mongo,yes,1.0,0.87,0.22
174,174,buaa-30_28.bmp,male,mongo,yes,2.0,-0.9,0.05
175,175,buaa-9_28.bmp,male,mongo,yes,1.0,0.6,0.48
176,176,buaa-7_28.bmp,male,mongo,yes,1.0,0.58,0.16
177,177,buaa-84_22.bmp,male,mongo,yes,1.0,0.9,0.12
178,178,buaa-145_26.bmp,male,mongo,yes,2.0,-0.81,-0.03
179,179,buaa-37_22.bmp,male,mongo,yes,1.0,0.49,0.53
180,180,buaa-130_22.bmp,male,mongo,yes,1.0,0.8,0.15
181,181,buaa-96_26.bmp,male,mongo,yes,1.0,0.55,-0.6
182,182,buaa-142_28.bmp,male,mongo,yes,4.0,-0.14,0.78
183,183,buaa-94_22.bmp,male,mongo,yes,1.0,0.88,0.34
184,184,buaa-101_28.bmp,male,mongo,yes,4.0,-0.12,0.81
185,185,buaa-93_22.bmp,male,mongo,yes,1.0,0.91,0.11
186,186,buaa-75_24.bmp,male,mongo,yes,1.0,0.49,-0.24
187,187,buaa-79_28.bmp,male,mongo,yes,3.0,0.39,0.89
188,188,buaa-42_22.bmp,male,mongo,yes,1.0,0.93,0.12
189,189,buaa-12_22.bmp,male,mongo,yes,6.0,0.54,0.14
190,190,buaa-58_24.bmp,male,mongo,yes,6.0,-0.26,0.48
191,191,buaa-32_22.bmp,male,mongo,yes,1.0,0.14,0.25
192,192,buaa-44_26.bmp,male,mongo,yes,0.0,0.17,-0.27
193,193,buaa-24_22.bmp,male,mongo,yes,1.0,0.84,-0.03
194,194,buaa-150_28.bmp,male,mongo,yes,4.0,-0.13,0.77
195,195,buaa-133_22.bmp,male,mongo,yes,1.0,0.96,0.12
196,196,buaa-126_28.bmp,male,mongo,yes,4.0,-0.11,0.77
197,197,buaa-113_26.bmp,male,mongo,yes,0.0,0.75,-0.66
198,198,buaa-102_28.bmp,male,mongo,yes,4.0,-0.18,0.78
199,199,buaa-119_24.bmp,male,mongo,yes,5.0,-0.81,0.24
200,200,buaa-25_26.bmp,male,mongo,yes,0.0,-0.01,-0.04
201,201,buaa-109_26.bmp,male,mongo,yes,6.0,-0.72,0.3
202,202,buaa-108_26.bmp,male,mongo,yes,1.0,0.87,-0.11
203,203,buaa-126_22.bmp,male,mongo,yes,1.0,0.52,0.2
204,204,buaa-86_26.bmp,male,mongo,yes,2.0,-0.8,-0.04
205,205,22.bmp,male,mongo,yes,1.0,0.93,0.1
206,206,buaa-118_26.bmp,male,mongo,yes,1.0,0.69,-0.04
207,207,buaa-95_24.bmp,male,mongo,yes,2.0,-0.09,-0.34
208,208,buaa-146_28.bmp,male,mongo,yes,4.0,-0.14,0.77
209,209,buaa-34_22.bmp,male,mongo,yes,1.0,0.55,0.19
210,210,buaa-28_24.bmp,male,mongo,yes,0.0,0.5,-0.21
211,211,buaa-30_26.bmp,male,mongo,yes,0.0,0.41,-0.76
212,212,buaa-70_28.bmp,male,mongo,yes,4.0,-0.13,0.77
213,213,buaa-66_28.bmp,male,mongo,yes,4.0,-0.12,0.77
214,214,buaa-9_24.bmp,male,mongo,yes,2.0,-0.47,-0.07
215,215,buaa-3_26.bmp,male,mongo,yes,1.0,0.47,0.22
216,216,buaa-143_22.bmp,male,mongo,yes,1.0,0.93,0.11
217,217,buaa-112_28.bmp,male,mongo,yes,3.0,0.07,0.9
218,218,buaa-69_28.bmp,male,mongo,yes,4.0,-0.12,0.75
219,219,buaa-54_24.bmp,male,mongo,yes,0.0,0.83,-0.54
220,220,buaa-31_26.bmp,male,mongo,yes,2.0,-0.5,-0.07
221,221,buaa-17_28.bmp,male,mongo,yes,3.0,0.4,0.85
222,222,buaa-63_26.bmp,male,mongo,yes,6.0,-0.43,0.41
223,223,buaa-60_28.bmp,male,mongo,yes,3.0,0.19,0.9
224,224,buaa-128_24.bmp,male,mongo,yes,6.0,-0.27,0.45
225,225,buaa-126_24.bmp,male,mongo,yes,1.0,0.5,0.31
226,226,buaa-57_28.bmp,male,mongo,yes,4.0,-0.13,0.78
227,227,buaa-148_26.bmp,male,mongo,yes,2.0,-0.57,-0.07
228,228,buaa-106_22.bmp,male,mongo,yes,1.0,0.9,0.11
229,229,buaa-105_22.bmp,male,mongo,yes,1.0,0.53,0.17
230,230,buaa-121_24.bmp,male,mongo,yes,1.0,0.77,-0.59
231,231,buaa-79_24.bmp,male,mongo,yes,0.0,0.3,-0.24
232,232,buaa-8_28.bmp,male,mongo,yes,1.0,0.52,0.32
233,233,buaa-46_24.bmp,male,mongo,yes,6.0,-0.33,0.25
234,234,buaa-108_28.bmp,male,mongo,yes,1.0,0.53,0.35
235,235,buaa-76_22.bmp,male,mongo,yes,1.0,0.87,0.35
236,236,buaa-49_22.bmp,male,mongo,yes,1.0,0.51,0.34
237,237,buaa-128_26.bmp,male,mongo,yes,2.0,-0.77,-0.04
238,238,buaa-117_26.bmp,male,mongo,yes,6.0,-0.29,0.27
239,239,buaa-68_28.bmp,male,mongo,yes,1.0,0.41,0.87
240,240,buaa-67_24.bmp,male,mongo,yes,0.0,0.2,-0.18
241,241,buaa-94_28.bmp,male,mongo,yes,4.0,-0.14,0.78
242,242,buaa-35_22.bmp,male,mongo,yes,1.0,0.82,0.36
243,243,buaa-113_22.bmp,male,mongo,yes,1.0,0.9,-0.08
244,244,buaa-57_22.bmp,male,mongo,yes,1.0,0.87,0.13
245,245,buaa-42_28.bmp,male,mongo,yes,4.0,-0.13,0.8
246,246,buaa-40_22.bmp,male,mongo,yes,1.0,0.85,-0.04
247,247,buaa-113_28.bmp,male,mongo,yes,0.0,-0.02,0.02
248,248,buaa-77_28.bmp,male,mongo,yes,4.0,-0.1,0.79
249,249,buaa-33_28.bmp,male,mongo,yes,1.0,0.09,0.17
250,250,buaa-140_22.bmp,male,mongo,yes,1.0,0.84,0.14
251,251,buaa-52_26.bmp,male,mongo,yes,6.0,-0.35,0.26
252,252,buaa-104_28.bmp,male,mongo,yes,3.0,0.41,0.85
253,253,buaa-9_26.bmp,male,mongo,yes,0.0,0.62,-0.65
254,254,buaa-83_26.bmp,male,mongo,yes,2.0,-0.39,-0.41
255,255,buaa-54_28.bmp,male,mongo,yes,1.0,0.52,0.32
256,256,buaa-63_28.bmp,male,mongo,yes,3.0,0.37,0.87
257,257,buaa-89_22.bmp,male,mongo,yes,1.0,0.39,0.29
258,258,buaa-133_28.bmp,male,mongo,yes,4.0,-0.12,0.76
259,259,buaa-88_24.bmp,male,mongo,yes,0.0,0.1,-0.56
260,260,buaa-106_24.bmp,male,mongo,yes,0.0,0.16,-0.59
261,261,buaa-47_26.bmp,male,mongo,yes,2.0,-0.14,-0.36
262,262,buaa-123_26.bmp,male,mongo,yes,0.0,-0.26,-0.18
263,263,buaa-150_22.bmp,male,mongo,yes,1.0,0.65,-0.58
264,264,buaa-102_26.bmp,male,mongo,yes,0.0,-0.2,-0.18
265,265,buaa-108_22.bmp,male,mongo,yes,1.0,0.87,0.09
266,266,buaa-102_24.bmp,male,mongo,yes,0.0,0.08,-0.59
267,267,buaa-23_24.bmp,male,mongo,yes,0.0,0.03,-0.6
268,268,buaa-24_28.bmp,male,mongo,yes,3.0,0.26,0.85
269,269,buaa-70_24.bmp,male,mongo,yes,0.0,0.64,0.26
270,270,buaa-103_26.bmp,male,mongo,yes,0.0,-0.41,-0.78
271,271,buaa-89_28.bmp,male,mongo,yes,1.0,0.67,0.02
272,272,buaa-88_28.bmp,male,mongo,yes,3.0,0.41,0.17
273,273,buaa-72_28.bmp,male,mongo,yes,2.0,-0.39,-0.26
274,274,buaa-32_26.bmp,male,mongo,yes,0.0,0.05,-0.61
275,275,buaa-86_24.bmp,male,mongo,yes,2.0,-0.84,-0.38
276,276,buaa-131_24.bmp,male,mongo,yes,0.0,-0.02,-0.65
277,277,buaa-99_22.bmp,male,mongo,yes,1.0,0.88,0.15
278,278,buaa-109_24.bmp,male,mongo,yes,0.0,0.06,-0.59
279,279,buaa-128_22.bmp,male,mongo,yes,1.0,0.84,0.34
280,280,buaa-8_26.bmp,male,mongo,yes,0.0,0.48,-0.46
281,281,buaa-138_24.bmp,male,mongo,yes,6.0,-0.44,0.63
282,282,buaa-104_24.bmp,male,mongo,yes,6.0,-0.53,0.18
283,283,buaa-44_24.bmp,male,mongo,yes,5.0,-0.69,0.49
284,284,buaa-121_28.bmp,male,mongo,yes,3.0,0.36,0.85
285,285,buaa-72_26.bmp,male,mongo,yes,2.0,-0.79,-0.45
286,286,buaa-98_22.bmp,male,mongo,yes,1.0,0.56,0.18
287,287,buaa-90_22.bmp,male,mongo,yes,1.0,0.95,0.15
288,288,buaa-134_22.bmp,male,mongo,yes,1.0,0.8,0.15
289,289,buaa-110_28.bmp,male,mongo,yes,4.0,-0.13,0.77
290,290,buaa-128_28.bmp,male,mongo,yes,3.0,0.37,0.89
291,291,buaa-148_24.bmp,male,mongo,yes,0.0,0.0,-0.97
292,292,buaa-14_26.bmp,male,mongo,yes,5.0,-0.69,0.49
293,293,buaa-1_24.bmp,male,mongo,yes,6.0,-0.56,0.75
294,294,buaa-57_26.bmp,male,mongo,yes,0.0,0.1,0.26
295,295,buaa-115_26.bmp,male,mongo,yes,2.0,-0.51,-0.82
296,296,buaa-131_28.bmp,male,mongo,yes,4.0,-0.14,0.78
297,297,buaa-52_24.bmp,male,mongo,yes,6.0,-0.32,0.9
298,298,buaa-129_26.bmp,male,mongo,yes,7.0,-0.59,0.65
299,299,26.bmp,male,mongo,yes,0.0,0.17,0.38
300,300,buaa-41_28.bmp,male,mongo,yes,4.0,-0.11,0.77
301,301,buaa-23_26.bmp,male,mongo,yes,2.0,-0.82,-0.1
302,302,buaa-132_24.bmp,male,mongo,yes,6.0,-0.46,0.76
303,303,buaa-124_22.bmp,male,mongo,yes,1.0,0.75,0.15
304,304,buaa-112_24.bmp,male,mongo,yes,2.0,-0.52,-0.07
305,305,buaa-47_28.bmp,male,mongo,yes,4.0,-0.09,0.89
306,306,buaa-11_24.bmp,male,mongo,yes,6.0,-0.32,0.89
307,307,buaa-123_24.bmp,male,mongo,yes,2.0,-0.33,-0.42
308,308,buaa-139_24.bmp,male,mongo,yes,1.0,0.87,0.34
309,309,buaa-48_24.bmp,male,mongo,yes,6.0,-0.41,0.79
310,310,buaa-74_26.bmp,male,mongo,yes,0.0,-0.03,0.0
311,311,buaa-114_26.bmp,male,mongo,yes,6.0,-0.41,0.76
312,312,buaa-21_28.bmp,male,mongo,yes,4.0,-0.12,0.76
313,313,buaa-118_28.bmp,male,mongo,yes,3.0,0.41,0.88
314,314,buaa-92_26.bmp,male,mongo,yes,2.0,-0.51,-0.82
315,315,buaa-80_22.bmp,male,mongo,yes,1.0,0.91,-0.08
316,316,buaa-29_26.bmp,male,mongo,yes,2.0,-0.36,-0.81
317,317,buaa-5_26.bmp,male,mongo,yes,0.0,0.48,-0.45
318,318,buaa-116_26.bmp,male,mongo,yes,2.0,-0.82,-0.41
319,319,buaa-126_26.bmp,male,mongo,yes,1.0,0.72,-0.07
320,320,buaa-97_24.bmp,male,mongo,yes,2.0,-0.6,-0.49
321,321,buaa-28_26.bmp,male,mongo,yes,1.0,0.9,-0.11
322,322,buaa-14_22.bmp,male,mongo,yes,1.0,0.9,0.13
323,323,buaa-114_28.bmp,male,mongo,yes,4.0,-0.12,0.76
324,324,buaa-31_28.bmp,male,mongo,yes,2.0,-0.44,-0.04
325,325,buaa-2_24.bmp,male,mongo,yes,1.0,0.65,0.33
326,326,buaa-53_22.bmp,male,mongo,yes,1.0,0.95,0.14
327,327,buaa-127_24.bmp,male,mongo,yes,0.0,0.38,-0.9
328,328,buaa-97_26.bmp,male,mongo,yes,0.0,0.53,-0.19
329,329,buaa-101_26.bmp,male,mongo,yes,1.0,0.49,0.35
330,330,buaa-74_24.bmp,male,mongo,yes,1.0,0.9,-0.07
331,331,buaa-107_24.bmp,male,mongo,yes,0.0,0.11,-0.21
332,332,buaa-39_26.bmp,male,mongo,yes,0.0,-0.02,-0.08
333,333,buaa-82_26.bmp,male,mongo,yes,2.0,-0.82,-0.39
334,334,buaa-10_26.bmp,male,mongo,yes,0.0,0.57,-0.62
335,335,buaa-73_28.bmp,male,mongo,yes,1.0,0.51,0.32
336,336,buaa-59_26.bmp,male,mongo,yes,2.0,-0.62,-0.18
337,337,buaa-93_24.bmp,male,mongo,yes,6.0,-0.39,0.77
338,338,buaa-66_24.bmp,male,mongo,yes,2.0,-0.58,-0.16
339,339,buaa-71_28.bmp,male,mongo,yes,3.0,0.41,0.87
340,340,buaa-66_26.bmp,male,mongo,yes,2.0,-0.39,-0.06
341,341,buaa-120_26.bmp,male,mongo,yes,2.0,-0.22,-0.13
342,342,buaa-82_28.bmp,male,mongo,yes,4.0,-0.12,0.77
343,343,buaa-22_22.bmp,male,mongo,yes,1.0,0.53,0.32
344,344,buaa-44_28.bmp,male,mongo,yes,1.0,0.49,0.33
345,345,buaa-62_22.bmp,male,mongo,yes,1.0,0.93,0.13
346,346,buaa-13_26.bmp,male,mongo,yes,2.0,-0.83,-0.4
347,347,buaa-38_28.bmp,male,mongo,yes,1.0,0.91,-0.06
348,348,buaa-81_26.bmp,male,mongo,yes,2.0,-0.48,0.05
349,349,buaa-68_22.bmp,male,mongo,yes,1.0,0.9,0.15
350,350,buaa-148_28.bmp,male,mongo,yes,4.0,-0.1,0.76
351,351,buaa-136_24.bmp,male,mongo,yes,2.0,-0.85,-0.48
352,352,buaa-103_28.bmp,male,mongo,yes,3.0,0.39,0.88
353,353,buaa-120_22.bmp,male,mongo,yes,1.0,0.54,0.19
354,354,buaa-61_22.bmp,male,mongo,yes,1.0,0.54,0.21
355,355,buaa-52_28.bmp,male,mongo,yes,4.0,-0.12,0.77
356,356,buaa-145_22.bmp,male,mongo,yes,1.0,0.84,0.35
357,357,buaa-139_28.bmp,male,mongo,yes,4.0,-0.11,0.8
358,358,buaa-135_26.bmp,male,mongo,yes,0.0,0.86,-0.5
359,359,buaa-12_28.bmp,male,mongo,yes,0.0,0.55,-0.06
360,360,buaa-32_24.bmp,male,mongo,yes,6.0,-0.44,0.78
361,361,buaa-7_24.bmp,male,mongo,yes,1.0,0.85,0.1
362,362,buaa-85_26.bmp,male,mongo,yes,2.0,-0.62,-0.2
363,363,buaa-94_24.bmp,male,mongo,yes,6.0,-0.76,0.2
364,364,buaa-71_24.bmp,male,mongo,yes,1.0,0.93,-0.06
365,365,buaa-21_26.bmp,male,mongo,yes,2.0,-0.21,-0.14
366,366,buaa-118_24.bmp,male,mongo,yes,1.0,0.9,-0.1
367,367,buaa-65_22.bmp,male,mongo,yes,1.0,0.81,0.13
368,368,buaa-120_24.bmp,male,mongo,yes,0.0,-0.24,0.2
369,369,buaa-73_26.bmp,male,mongo,yes,1.0,0.6,0.09
370,370,buaa-124_24.bmp,male,mongo,yes,3.0,0.1,0.89
371,371,buaa-60_22.bmp,male,mongo,yes,1.0,0.95,0.14
372,372,buaa-110_24.bmp,male,mongo,yes,0.0,0.0,0.01
373,373,buaa-70_26.bmp,male,mongo,yes,2.0,-0.16,-0.14
374,374,buaa-146_24.bmp,male,mongo,yes,2.0,-0.82,-0.04
375,375,buaa-14_24.bmp,male,mongo,yes,6.0,-0.31,0.81
376,376,buaa-144_24.bmp,male,mongo,yes,2.0,-0.4,-0.14
377,377,buaa-10_22.bmp,male,mongo,yes,1.0,0.92,0.12
378,378,buaa-37_24.bmp,male,mongo,yes,2.0,-0.44,-0.14
379,379,buaa-135_22.bmp,male,mongo,yes,1.0,0.42,0.27
380,380,buaa-53_28.bmp,male,mongo,yes,4.0,-0.11,0.77
381,381,buaa-111_28.bmp,male,mongo,yes,4.0,-0.1,0.76
382,382,buaa-118_22.bmp,male,mongo,yes,1.0,0.43,0.27
383,383,buaa-43_28.bmp,male,mongo,yes,1.0,0.34,0.06
384,384,buaa-7_26.bmp,male,mongo,yes,1.0,0.57,0.16
385,385,buaa-1_28.bmp,male,mongo,yes,4.0,-0.1,0.77
386,386,buaa-78_24.bmp,male,mongo,yes,2.0,-0.57,-0.15
387,387,buaa-133_26.bmp,male,mongo,yes,6.0,-0.3,0.75
388,388,buaa-86_28.bmp,male,mongo,yes,2.0,-0.86,0.04
389,389,buaa-141_28.bmp,male,mongo,yes,4.0,-0.1,0.78
390,390,buaa-71_22.bmp,male,mongo,yes,1.0,0.89,0.17
391,391,buaa-85_22.bmp,male,mongo,yes,1.0,0.91,0.13
392,392,buaa-90_24.bmp,male,mongo,yes,6.0,-0.11,0.29
393,393,buaa-51_26.bmp,male,mongo,yes,1.0,0.82,-0.27
394,394,buaa-68_24.bmp,male,mongo,yes,1.0,0.8,-0.03
395,395,28.bmp,male,mongo,yes,4.0,-0.14,0.77
396,396,buaa-88_26.bmp,male,mongo,yes,2.0,-0.32,-0.14
397,397,buaa-91_28.bmp,male,mongo,yes,4.0,-0.13,0.77
398,398,buaa-6_26.bmp,male,mongo,yes,2.0,-0.12,-0.66
399,399,buaa-135_28.bmp,male,mongo,yes,4.0,-0.13,0.77
400,400,buaa-51_24.bmp,male,mongo,yes,1.0,0.81,-0.28
401,401,buaa-64_24.bmp,male,mongo,yes,6.0,-0.6,0.37
402,402,buaa-33_24.bmp,male,mongo,yes,2.0,-0.27,-0.1
403,403,buaa-35_26.bmp,male,mongo,yes,1.0,0.48,0.19
404,404,buaa-29_24.bmp,male,mongo,yes,1.0,0.85,-0.06
405,405,buaa-18_24.bmp,male,mongo,yes,6.0,-0.19,0.54
406,406,buaa-55_28.bmp,male,mongo,yes,4.0,-0.12,0.79
407,407,buaa-68_26.bmp,male,mongo,yes,0.0,-0.05,-0.68
408,408,buaa-96_28.bmp,male,mongo,yes,4.0,-0.12,0.78
409,409,buaa-42_24.bmp,male,mongo,yes,6.0,-0.31,0.62
410,410,buaa-16_22.bmp,male,mongo,yes,1.0,0.87,0.35
411,411,buaa-125_24.bmp,male,mongo,yes,0.0,-0.1,-0.06
412,412,buaa-67_22.bmp,male,mongo,yes,1.0,0.51,0.33
413,413,buaa-75_22.bmp,male,mongo,yes,1.0,0.9,0.13
414,414,buaa-67_28.bmp,male,mongo,yes,4.0,-0.03,0.85
415,415,buaa-83_22.bmp,male,mongo,yes,1.0,0.52,-0.04
416,416,buaa-84_24.bmp,male,mongo,yes,6.0,-0.4,0.8
417,417,buaa-89_24.bmp,male,mongo,yes,0.0,0.73,-0.65
418,418,buaa-76_28.bmp,male,mongo,yes,3.0,0.52,0.18
419,419,buaa-45_24.bmp,male,mongo,yes,0.0,-0.07,-0.21
420,420,buaa-99_24.bmp,male,mongo,yes,7.0,0.25,0.53
421,421,buaa-147_22.bmp,male,mongo,yes,1.0,0.94,-0.07
422,422,buaa-25_24.bmp,male,mongo,yes,0.0,-0.12,-0.1
423,423,buaa-59_22.bmp,male,mongo,yes,1.0,0.52,0.34
424,424,buaa-56_26.bmp,male,mongo,yes,7.0,0.15,0.63
425,425,buaa-143_24.bmp,male,mongo,yes,6.0,-0.42,0.77
426,426,buaa-70_22.bmp,male,mongo,yes,1.0,0.74,0.24
427,427,buaa-40_26.bmp,male,mongo,yes,2.0,-0.79,-0.05
428,428,buaa-28_22.bmp,male,mongo,yes,1.0,0.73,0.03
429,429,buaa-27_26.bmp,male,mongo,yes,2.0,-0.53,-0.1
430,430,buaa-48_28.bmp,male,mongo,yes,4.0,-0.11,0.79
431,431,buaa-69_26.bmp,male,mongo,yes,7.0,0.3,0.56
432,432,buaa-19_22.bmp,male,mongo,yes,1.0,0.37,0.09
433,433,buaa-41_26.bmp,male,mongo,yes,0.0,-0.16,0.13
434,434,buaa-28_28.bmp,male,mongo,yes,1.0,0.85,0.33
435,435,buaa-62_28.bmp,male,mongo,yes,3.0,0.41,0.88
436,436,buaa-5_24.bmp,male,mongo,yes,0.0,-0.07,-0.24
437,437,buaa-113_24.bmp,male,mongo,yes,0.0,-0.04,-0.01
438,438,buaa-6_24.bmp,male,mongo,yes,2.0,-0.44,-0.05
439,439,buaa-122_22.bmp,male,mongo,yes,1.0,0.42,0.13
440,440,buaa-38_26.bmp,male,mongo,yes,2.0,-0.24,-0.41
441,441,buaa-124_28.bmp,male,mongo,yes,3.0,0.38,0.84
442,442,buaa-77_22.bmp,male,mongo,yes,1.0,0.69,-0.59
443,443,buaa-71_26.bmp,male,mongo,yes,2.0,-0.18,-0.14
444,444,buaa-17_24.bmp,male,mongo,yes,0.0,-0.15,0.03
445,445,buaa-58_28.bmp,male,mongo,yes,4.0,-0.13,0.78
446,446,buaa-50_28.bmp,male,mongo,yes,4.0,-0.45,-0.23
447,447,buaa-21_24.bmp,male,mongo,yes,0.0,-0.06,-0.23
448,448,buaa-5_22.bmp,male,mongo,yes,1.0,0.78,-0.03
449,449,buaa-105_28.bmp,male,mongo,yes,4.0,-0.03,0.73
450,450,buaa-93_26.bmp,male,mongo,yes,6.0,-0.43,0.74
451,451,buaa-49_26.bmp,male,mongo,yes,6.0,-0.42,0.67
452,452,buaa-111_26.bmp,male,mongo,yes,0.0,0.09,0.08
453,453,buaa-60_26.bmp,male,mongo,yes,1.0,0.38,-0.12
454,454,buaa-66_22.bmp,male,mongo,yes,1.0,0.54,0.18
455,455,buaa-7_22.bmp,male,mongo,yes,1.0,0.54,0.17
456,456,buaa-150_26.bmp,male,mongo,yes,0.0,-0.21,0.14
457,457,buaa-105_26.bmp,male,mongo,yes,0.0,0.21,0.48
458,458,buaa-85_24.bmp,male,mongo,yes,5.0,-0.71,0.5
459,459,buaa-75_26.bmp,male,mongo,yes,7.0,0.31,0.52
460,460,buaa-95_28.bmp,male,mongo,yes,4.0,-0.1,0.84
461,461,buaa-95_26.bmp,male,mongo,yes,0.0,-0.12,-0.05
462,462,buaa-75_28.bmp,male,mongo,yes,3.0,0.53,0.36
463,463,buaa-117_24.bmp,male,mongo,yes,2.0,-0.6,-0.12
464,464,buaa-87_26.bmp,male,mongo,yes,2.0,-0.24,-0.16
465,465,buaa-131_22.bmp,male,mongo,yes,1.0,0.41,0.13
466,466,buaa-22_26.bmp,male,mongo,yes,2.0,-0.76,-0.31
467,467,buaa-104_22.bmp,male,mongo,yes,1.0,0.41,0.26
468,468,buaa-57_24.bmp,male,mongo,yes,2.0,-0.8,-0.36
469,469,buaa-3_28.bmp,male,mongo,yes,3.0,0.52,0.37
470,470,buaa-98_26.bmp,male,mongo,yes,0.0,0.0,-0.01
471,471,buaa-141_24.bmp,male,mongo,yes,0.0,-0.1,0.06
472,472,buaa-18_28.bmp,male,mongo,yes,0.0,0.16,0.1
473,473,buaa-122_24.bmp,male,mongo,yes,2.0,-0.11,-0.34
474,474,buaa-43_22.bmp,male,mongo,yes,1.0,0.92,0.19
475,475,buaa-27_24.bmp,male,mongo,yes,0.0,-0.05,-0.05
476,476,buaa-13_24.bmp,male,mongo,yes,0.0,-0.04,-0.97
477,477,buaa-23_22.bmp,male,mongo,yes,1.0,0.95,0.18
478,478,buaa-125_28.bmp,male,mongo,yes,4.0,-0.11,0.76
479,479,buaa-82_22.bmp,male,mongo,yes,1.0,0.87,0.18
480,480,buaa-81_24.bmp,male,mongo,yes,6.0,-0.33,0.75
481,481,buaa-4_22.bmp,male,mongo,yes,1.0,0.81,0.11
482,482,buaa-102_22.bmp,male,mongo,yes,1.0,0.73,0.14
483,483,buaa-76_24.bmp,male,mongo,yes,1.0,0.65,0.15
484,484,buaa-136_28.bmp,male,mongo,yes,4.0,-0.9,0.06
485,485,buaa-122_26.bmp,male,mongo,yes,2.0,-0.82,-0.42
486,486,buaa-132_26.bmp,male,mongo,yes,6.0,-0.41,0.77
487,487,buaa-87_22.bmp,male,mongo,yes,1.0,0.77,0.14
488,488,buaa-147_26.bmp,male,mongo,yes,2.0,-0.26,-0.14
489,489,buaa-80_28.bmp,male,mongo,yes,3.0,0.41,0.86
490,490,buaa-29_22.bmp,male,mongo,yes,1.0,0.72,0.17
491,491,buaa-31_24.bmp,male,mongo,yes,6.0,-0.27,0.87
492,492,buaa-137_26.bmp,male,mongo,yes,0.0,-0.14,0.1
493,493,buaa-37_28.bmp,male,mongo,yes,1.0,0.29,0.05
494,494,buaa-18_22.bmp,male,mongo,yes,1.0,0.89,-0.05
495,495,buaa-79_22.bmp,male,mongo,yes,1.0,0.78,-0.55
496,496,buaa-65_26.bmp,male,mongo,yes,2.0,-0.79,-0.43
497,497,buaa-10_24.bmp,male,mongo,yes,6.0,-0.4,0.75
498,498,buaa-145_24.bmp,male,mongo,yes,7.0,-0.58,0.65
499,499,buaa-150_24.bmp,male,mongo,yes,0.0,-0.14,-0.06
500,500,buaa-138_28.bmp,male,mongo,yes,3.0,0.54,0.32
501,501,buaa-26_22.bmp,male,mongo,yes,1.0,0.37,0.06
502,502,buaa-79_26.bmp,male,mongo,yes,2.0,-0.79,-0.42
503,503,buaa-1_22.bmp,male,mongo,yes,1.0,0.87,0.18
504,504,buaa-84_26.bmp,male,mongo,yes,2.0,-0.81,-0.43
505,505,buaa-134_26.bmp,male,mongo,yes,2.0,-0.78,-0.43
506,506,buaa-74_28.bmp,male,mongo,yes,4.0,-0.11,0.75
507,507,buaa-26_26.bmp,male,mongo,yes,0.0,0.0,-0.03
508,508,buaa-56_24.bmp,male,mongo,yes,0.0,-0.08,-0.11
509,509,buaa-103_24.bmp,male,mongo,yes,5.0,-0.68,0.47
510,510,buaa-88_22.bmp,male,mongo,yes,1.0,0.95,0.13
511,511,buaa-90_28.bmp,male,mongo,yes,3.0,0.42,0.85
512,512,buaa-97_22.bmp,male,mongo,yes,1.0,0.86,0.03
513,513,buaa-6_22.bmp,male,mongo,yes,1.0,0.77,0.12
514,514,buaa-91_26.bmp,male,mongo,yes,2.0,-0.8,-0.38
515,515,buaa-20_26.bmp,male,mongo,yes,2.0,-0.62,-0.12
516,516,buaa-67_26.bmp,male,mongo,yes,0.0,-0.07,-0.1
517,517,buaa-105_24.bmp,male,mongo,yes,1.0,0.76,-0.03
518,518,buaa-78_26.bmp,male,mongo,yes,1.0,0.89,-0.09
519,519,buaa-133_24.bmp,male,mongo,yes,6.0,-0.54,0.74
520,520,buaa-20_28.bmp,male,mongo,yes,4.0,-0.07,0.71
521,521,buaa-112_26.bmp,male,mongo,yes,0.0,0.01,-0.02
522,522,buaa-142_22.bmp,male,mongo,yes,0.0,0.92,0.16
523,523,buaa-54_22.bmp,male,mongo,yes,1.0,0.86,0.26
524,524,buaa-64_26.bmp,male,mongo,yes,6.0,-0.36,0.85
525,525,buaa-92_24.bmp,male,mongo,yes,2.0,-0.22,-0.14
526,526,buaa-24_26.bmp,male,mongo,yes,6.0,-0.51,0.74
527,527,buaa-91_22.bmp,male,mongo,yes,1.0,0.93,0.2
528,528,buaa-12_26.bmp,male,mongo,yes,2.0,-0.58,-0.13
529,529,buaa-3_22.bmp,male,mongo,yes,1.0,0.51,0.34
530,530,buaa-114_24.bmp,male,mongo,yes,5.0,-0.63,0.46
531,531,buaa-117_28.bmp,male,mongo,yes,4.0,-0.09,0.84
532,532,buaa-147_24.bmp,male,mongo,yes,2.0,-0.81,-0.43
533,533,buaa-129_22.bmp,male,mongo,yes,1.0,0.83,0.14
534,534,buaa-121_26.bmp,male,mongo,yes,1.0,0.37,0.03
535,535,buaa-117_22.bmp,male,mongo,yes,1.0,0.93,0.16
536,536,buaa-55_22.bmp,male,mongo,yes,1.0,0.86,0.15
537,537,buaa-137_24.bmp,male,mongo,yes,6.0,-0.42,0.75
538,538,buaa-47_22.bmp,male,mongo,yes,1.0,0.73,0.16
539,539,buaa-144_26.bmp,male,mongo,yes,5.0,-0.68,0.47
540,540,buaa-33_22.bmp,male,mongo,yes,1.0,0.95,0.15
541,541,buaa-124_26.bmp,male,mongo,yes,2.0,-0.59,-0.17
542,542,buaa-26_24.bmp,male,mongo,yes,7.0,-0.6,0.65
543,543,buaa-69_24.bmp,male,mongo,yes,2.0,-0.04,-0.67
544,544,buaa-43_24.bmp,male,mongo,yes,1.0,0.88,0.34
545,545,buaa-11_26.bmp,male,mongo,yes,1.0,0.72,0.16
546,546,buaa-98_24.bmp,male,mongo,yes,0.0,0.06,-0.05
547,547,buaa-59_24.bmp,male,mongo,yes,6.0,-0.17,0.71
548,548,buaa-50_24.bmp,male,mongo,yes,6.0,-0.29,0.19
549,549,buaa-130_26.bmp,male,mongo,yes,2.0,-0.81,-0.41
550,550,buaa-89_26.bmp,male,mongo,yes,7.0,0.17,0.68
551,551,buaa-65_28.bmp,male,mongo,yes,3.0,0.39,0.89
552,552,buaa-38_22.bmp,male,mongo,yes,1.0,0.79,0.19
553,553,buaa-83_24.bmp,male,mongo,yes,6.0,-0.42,0.8
554,554,buaa-73_22.bmp,male,mongo,yes,1.0,0.93,0.16
555,555,buaa-149_28.bmp,male,mongo,yes,3.0,0.42,0.86
556,556,buaa-49_28.bmp,male,mongo,yes,4.0,-0.12,0.78
557,557,buaa-125_26.bmp,male,mongo,yes,0.0,-0.13,-0.22
558,558,buaa-39_28.bmp,male,mongo,yes,4.0,-0.01,0.92
559,559,buaa-97_28.bmp,male,mongo,yes,3.0,0.05,0.92
560,560,buaa-8_22.bmp,male,mongo,yes,1.0,0.74,0.17
561,561,buaa-120_28.bmp,male,mongo,yes,0.0,-0.06,0.06
562,562,buaa-16_24.bmp,male,mongo,yes,6.0,-0.39,0.25
563,563,buaa-21_22.bmp,male,mongo,yes,1.0,0.86,0.34
564,564,buaa-61_28.bmp,male,mongo,yes,3.0,0.13,0.92
565,565,buaa-80_26.bmp,male,mongo,yes,2.0,-0.72,-0.35
566,566,buaa-136_26.bmp,male,mongo,yes,7.0,-0.58,0.65
567,567,buaa-52_22.bmp,male,mongo,yes,1.0,0.86,0.19
568,568,buaa-9_22.bmp,male,mongo,yes,1.0,0.85,0.13
569,569,buaa-36_24.bmp,male,mongo,yes,2.0,-0.58,-0.1
570,570,buaa-47_24.bmp,male,mongo,yes,0.0,0.08,-0.6
571,571,buaa-4_26.bmp,male,mongo,yes,0.0,0.04,-0.53
572,572,buaa-33_26.bmp,male,mongo,yes,0.0,0.2,-0.44
573,573,buaa-100_26.bmp,male,mongo,yes,1.0,0.75,-0.58
574,574,buaa-127_26.bmp,male,mongo,yes,5.0,-0.41,0.65
575,575,buaa-129_24.bmp,male,mongo,yes,0.0,0.3,0.02
576,576,buaa-125_22.bmp,male,mongo,yes,1.0,0.55,0.18
577,577,buaa-139_22.bmp,male,mongo,yes,1.0,0.7,0.18
578,578,buaa-114_22.bmp,male,mongo,yes,1.0,0.92,0.16
579,579,buaa-87_24.bmp,male,mongo,yes,2.0,-0.6,-0.4
580,580,buaa-22_24.bmp,male,mongo,yes,2.0,-0.84,-0.42
581,581,buaa-144_28.bmp,male,mongo,yes,3.0,0.06,0.89
582,582,buaa-27_28.bmp,male,mongo,yes,4.0,-0.11,0.77
583,583,buaa-23_28.bmp,male,mongo,yes,1.0,0.59,0.15
584,584,buaa-140_26.bmp,male,mongo,yes,2.0,-0.48,0.13
585,585,buaa-35_24.bmp,male,mongo,yes,2.0,-0.6,-0.41
586,586,buaa-3_24.bmp,male,mongo,yes,6.0,-0.4,0.77
587,587,buaa-90_26.bmp,male,mongo,yes,6.0,-0.17,0.58
588,588,buaa-39_24.bmp,male,mongo,yes,2.0,-0.6,-0.12
589,589,buaa-50_22.bmp,male,mongo,yes,1.0,0.87,0.24
590,590,buaa-83_28.bmp,male,mongo,yes,4.0,-0.11,0.77
591,591,buaa-94_26.bmp,male,mongo,yes,2.0,-0.8,-0.47
592,592,buaa-65_24.bmp,male,mongo,yes,2.0,-0.54,-0.12
593,593,buaa-31_22.bmp,male,mongo,yes,1.0,0.84,0.25
594,594,buaa-92_22.bmp,male,mongo,yes,1.0,0.51,0.1
595,595,buaa-8_24.bmp,male,mongo,yes,0.0,-0.02,0.01
596,596,buaa-145_28.bmp,male,mongo,yes,4.0,-0.41,-0.21
597,597,buaa-92_28.bmp,male,mongo,yes,3.0,0.08,0.9
598,598,buaa-46_28.bmp,male,mongo,yes,4.0,-0.39,-0.22
599,599,buaa-19_26.bmp,male,mongo,yes,2.0,-0.84,-0.47
600,600,buaa-100_24.bmp,male,mongo,yes,6.0,-0.37,0.7
601,601,buaa-123_22.bmp,male,mongo,yes,1.0,0.87,0.29
602,602,buaa-15_26.bmp,male,mongo,yes,0.0,0.46,-0.47
603,603,buaa-49_24.bmp,male,mongo,yes,2.0,-0.15,-0.31
604,0,buaa-49_2.bmp,male,mongo,yes,7.0,0.09,0.42
605,1,buaa-77_2.bmp,male,mongo,yes,0.0,0.43,-0.2
606,2,buaa-6_2.bmp,male,mongo,yes,0.0,0.18,0.03
607,3,buaa-18_2.bmp,male,mongo,yes,0.0,-0.03,-0.06
608,4,buaa-8_2.bmp,male,mongo,yes,0.0,-0.05,-0.14
609,5,buaa-50_2.bmp,male,mongo,yes,0.0,0.19,-0.2
610,6,buaa-28_2.bmp,male,mongo,yes,0.0,-0.02,0.15
611,7,buaa-4_2.bmp,male,mongo,yes,0.0,0.08,-0.56
612,8,buaa-39_2.bmp,male,mongo,yes,0.0,-0.04,-0.21
613,9,buaa-20_2.bmp,male,mongo,yes,0.0,-0.05,0.17
614,10,buaa-73_2.bmp,male,mongo,yes,0.0,0.11,-0.13
615,11,buaa-131_2.bmp,male,mongo,yes,0.0,0.4,0.02
616,12,buaa-142_2.bmp,male,mongo,yes,0.0,-0.17,0.16
617,13,buaa-145_2.bmp,male,mongo,yes,0.0,-0.07,-0.16
618,14,buaa-41_2.bmp,male,mongo,yes,0.0,0.0,0.07
619,15,buaa-138_2.bmp,male,mongo,yes,0.0,0.23,-0.16
620,16,buaa-66_2.bmp,male,mongo,yes,0.0,-0.17,-0.11
621,17,buaa-143_2.bmp,male,mongo,yes,0.0,0.2,0.05
622,18,buaa-24_2.bmp,male,mongo,yes,0.0,-0.05,-0.1
623,19,buaa-3_2.bmp,male,mongo,yes,0.0,0.01,0.0
624,20,buaa-52_2.bmp,male,mongo,yes,0.0,0.07,0.06
625,21,buaa-26_2.bmp,male,mongo,yes,0.0,-0.07,-0.05
626,22,buaa-127_2.bmp,male,mongo,yes,0.0,0.24,-0.29
627,23,buaa-17_2.bmp,male,mongo,yes,0.0,0.35,-0.03
628,24,buaa-137_2.bmp,male,mongo,yes,0.0,0.02,0.16
629,25,buaa-27_2.bmp,male,mongo,yes,0.0,0.16,0.01
630,26,buaa-38_2.bmp,male,mongo,yes,2.0,-0.17,-0.1
631,27,buaa-5_2.bmp,male,mongo,yes,0.0,0.07,-0.15
632,28,buaa-132_2.bmp,male,mongo,yes,6.0,-0.33,0.17
633,29,buaa-36_2.bmp,male,mongo,yes,0.0,0.3,-0.06
